record_id,type,doc_no,date,vendor,amount,requested_by,approved_by,approver_role,po_no
A-0100,INVOICE,ASH-6100,2026-09-01,Ashby Components,4783.36,T. Brandt,K. Lowe,Manager,PO-2100
A-0101,INVOICE,COR-6101,2026-09-03,Corwin Plastics,4890.81,A. Patel,D. Reyes,Manager,PO-2101
A-0102,INVOICE,DEL-6102,2026-09-05,Dellmore Packaging,2637.45,C. Yoon,J. Ames,Manager,PO-2102
A-0103,INVOICE,ELS-6103,2026-09-07,Elstree Fasteners,8484.70,M. Okafor,S. Duarte,Manager,PO-2103
A-0104,INVOICE,FAI-6104,2026-09-09,Fairholt Logistics,6177.37,H. Vance,L. Marsh,Manager,PO-2104
A-0270,INVOICE,RSM-1201,2026-09-16,Rook Street Marketing,4620.00,H. Vance,K. Lowe,Manager,
A-0271,INVOICE,RSM-1202,2026-09-17,Rook Street Marketing,4780.00,H. Vance,K. Lowe,Manager,
A-0272,INVOICE,RSM-1203,2026-09-17,Rook Street Marketing,4565.00,H. Vance,K. Lowe,Manager,
A-0105,INVOICE,GIL-6105,2026-09-11,Gilbey Mills,4665.49,T. Brandt,R. Singh,Manager,PO-2105
A-0106,INVOICE,IVS-6106,2026-09-13,Ivers Supply,4777.71,A. Patel,K. Lowe,Manager,PO-2106
A-0107,INVOICE,HAN-6107,2026-09-15,Hanford Tooling,8872.24,C. Yoon,D. Reyes,Manager,PO-2107
A-0108,INVOICE,ASH-6108,2026-09-17,Ashby Components,9386.31,M. Okafor,J. Ames,Manager,PO-2108
A-0109,INVOICE,COR-6109,2026-09-19,Corwin Plastics,5456.13,H. Vance,S. Duarte,Manager,PO-2109
A-0301,PO,PO-2209,2026-09-11,Whitlock Engineering,11200.00,M. Okafor,M. Okafor,Manager,PO-2209
A-0110,INVOICE,DEL-6110,2026-09-21,Dellmore Packaging,5582.18,T. Brandt,L. Marsh,Manager,PO-2110
A-0111,INVOICE,ELS-6111,2026-09-23,Elstree Fasteners,6560.81,A. Patel,R. Singh,Manager,PO-2111
A-0112,INVOICE,FAI-6112,2026-09-25,Fairholt Logistics,3337.88,C. Yoon,K. Lowe,Manager,PO-2112
A-0310,INVOICE,STR-3304,2026-09-15,Stratton Print,6750.00,D. Reyes,K. Lowe,Manager,
A-0113,INVOICE,GIL-6113,2026-09-27,Gilbey Mills,7718.24,M. Okafor,D. Reyes,Manager,PO-2113
A-0114,INVOICE,IVS-6114,2026-09-01,Ivers Supply,5066.91,H. Vance,J. Ames,Manager,PO-2114
A-0115,INVOICE,HAN-6115,2026-09-03,Hanford Tooling,4862.15,T. Brandt,S. Duarte,Manager,PO-2115
A-0315,INVOICE,KDM-4410,2026-09-18,Kingsdale Machinery,23400.00,A. Patel,P. Nandi,Manager,PO-2207
A-0116,INVOICE,ASH-6116,2026-09-05,Ashby Components,8471.61,A. Patel,L. Marsh,Manager,PO-2116
A-0117,INVOICE,COR-6117,2026-09-07,Corwin Plastics,4454.29,C. Yoon,R. Singh,Manager,PO-2117
A-0118,INVOICE,DEL-6118,2026-09-09,Dellmore Packaging,3219.93,M. Okafor,K. Lowe,Manager,PO-2118
A-0321,INVOICE,BRK-9022,2026-09-02,Brockley Stationers,1980.00,C. Yoon,L. Marsh,Manager,PO-2231
A-0322,PO,PO-2231,2026-09-19,Brockley Stationers,1980.00,C. Yoon,L. Marsh,Manager,PO-2231
A-0119,INVOICE,ELS-6119,2026-09-11,Elstree Fasteners,2994.42,H. Vance,D. Reyes,Manager,PO-2119
A-0120,INVOICE,FAI-6120,2026-09-13,Fairholt Logistics,894.67,T. Brandt,J. Ames,Manager,PO-2120
A-0121,INVOICE,GIL-6121,2026-09-15,Gilbey Mills,6435.22,A. Patel,S. Duarte,Manager,PO-2121
A-0330,INVOICE,LRN-3302,2026-09-09,Larne Office Supply,2740.00,H. Vance,T. Hale,Manager,PO-2218
A-0122,INVOICE,IVS-6122,2026-09-17,Ivers Supply,5915.73,C. Yoon,L. Marsh,Manager,PO-2122
A-0123,INVOICE,HAN-6123,2026-09-19,Hanford Tooling,4678.22,M. Okafor,R. Singh,Manager,PO-2123
