payment_id,pay_date,invoice_date,vendor_id,supplier,invoice_no,invoice_amount,paid_amount,bank_last4,approved_by
P-4001,2026-09-01,2026-09-01,V-2201,Ashby Components,ASH-6100,1960.17,1960.17,9233,L. Marsh
P-4002,2026-09-04,2026-09-01,V-2315,Corwin Plastics,COR-6101,9366.95,9366.95,2681,R. Singh
P-4003,2026-09-07,2026-09-03,V-2402,Dellmore Packaging,DEL-6102,8768.67,8768.67,7891,K. Lowe
P-5101,2026-09-22,2026-09-18,V-2650,Calloway Wire Ltd,CLW-50837,6150.00,6150.00,4471,R. Singh
P-5102,2026-09-22,2026-09-18,V-2650,Calloway Wire Ltd,CLW-50837,6150.00,6150.00,4471,R. Singh
P-4004,2026-09-10,2026-09-06,V-2518,Elstree Fasteners,ELS-6103,7872.02,7872.02,9975,D. Reyes
P-4005,2026-09-14,2026-09-10,V-3102,Fairholt Logistics,FAI-6104,8397.38,8397.38,9042,J. Ames
P-4006,2026-09-16,2026-09-12,V-2977,Gilbey Mills,GIL-6105,7584.13,7584.13,8226,S. Duarte
P-4007,2026-09-21,2026-09-17,V-3044,Ivers Supply,IVS-6106,3035.41,3035.41,2322,L. Marsh
P-4008,2026-09-22,2026-09-18,V-3205,Hanford Tooling,HAN-6107,1885.56,1885.56,2606,R. Singh
P-5110,2026-09-08,2026-09-02,V-2201,Ashby Components,ASH-7090,12408.00,12480.00,5532,L. Marsh
P-4009,2026-09-25,2026-09-21,V-2201,Ashby Components,ASH-6108,4901.93,4901.93,9032,K. Lowe
P-4010,2026-09-01,2026-09-01,V-2315,Corwin Plastics,COR-6109,6946.56,6946.56,4444,D. Reyes
P-4011,2026-09-04,2026-09-01,V-2402,Dellmore Packaging,DEL-6110,4435.23,4435.23,6696,J. Ames
P-4012,2026-09-07,2026-09-03,V-2518,Elstree Fasteners,ELS-6111,9621.22,9621.22,6843,S. Duarte
P-4013,2026-09-10,2026-09-06,V-3102,Fairholt Logistics,FAI-6112,8065.71,8065.71,9414,L. Marsh
P-4014,2026-09-14,2026-09-10,V-2977,Gilbey Mills,GIL-6113,6575.69,6575.69,6577,R. Singh
P-5120,2026-09-03,2026-09-05,V-2315,Corwin Plastics,COR-7188,3210.50,3210.50,2290,K. Lowe
P-4015,2026-09-16,2026-09-12,V-3044,Ivers Supply,IVS-6114,1698.02,1698.02,9815,K. Lowe
P-4016,2026-09-21,2026-09-17,V-3205,Hanford Tooling,HAN-6115,3499.88,3499.88,8494,D. Reyes
P-4017,2026-09-22,2026-09-18,V-2201,Ashby Components,ASH-6116,2153.91,2153.91,6062,J. Ames
P-4018,2026-09-25,2026-09-21,V-2315,Corwin Plastics,COR-6117,1120.18,1120.18,7043,S. Duarte
P-4019,2026-09-01,2026-09-01,V-2402,Dellmore Packaging,DEL-6118,4135.53,4135.53,7917,L. Marsh
P-4020,2026-09-04,2026-09-01,V-2518,Elstree Fasteners,ELS-6119,1707.09,1707.09,9166,R. Singh
P-5125,2026-09-14,2026-09-09,V-2402,Dellmore Packaging,DEL-7255,6480.00,6480.00,8812,D. Reyes
P-5126,2026-09-16,2026-09-09,V-2402,Dellmore Packaging,del-7255,6480.00,6480.00,8812,J. Ames
P-4021,2026-09-07,2026-09-03,V-3102,Fairholt Logistics,FAI-6120,8618.31,8618.31,7970,K. Lowe
P-4022,2026-09-10,2026-09-06,V-2977,Gilbey Mills,GIL-6121,5406.59,5406.59,9045,D. Reyes
P-4023,2026-09-14,2026-09-10,V-3044,Ivers Supply,IVS-6122,4443.52,4443.52,9595,J. Ames
P-4024,2026-09-16,2026-09-12,V-3205,Hanford Tooling,HAN-6123,3201.93,3201.93,7880,S. Duarte
P-4025,2026-09-21,2026-09-17,V-2201,Ashby Components,ASH-6124,5919.60,5919.60,8851,L. Marsh
P-5130,2026-09-24,,V-3044,Ivers Supply,,4900.00,4900.00,3308,S. Duarte
P-4026,2026-09-22,2026-09-18,V-2315,Corwin Plastics,COR-6125,5465.25,5465.25,1415,R. Singh
P-4027,2026-09-25,2026-09-21,V-2402,Dellmore Packaging,DEL-6126,6022.09,6022.09,3113,K. Lowe
P-5135,2026-09-13,2026-09-08,V-3205,Hanford Tooling,HAN-7640,2115.00,2115.00,6140,R. Singh
P-4028,2026-09-01,2026-09-01,V-2518,Elstree Fasteners,ELS-6127,8181.38,8181.38,9572,D. Reyes
P-4029,2026-09-04,2026-09-01,V-3102,Fairholt Logistics,FAI-6128,8792.74,8792.74,2680,J. Ames
P-4030,2026-09-07,2026-09-03,V-2977,Gilbey Mills,GIL-6129,7284.04,7284.04,8035,S. Duarte
