vendor_id,name,tax_id,status,bank_acct,bank_changed_on,bank_verified,created_on,w9_on_file,last_paid_on,last_paid_amount
V-2201,Ashby Components,55-1000000,ACTIVE,****9567,,N/A,2024-01-10,YES,2026-09-10,8430.27
V-2315,Corwin Plastics,55-1007919,ACTIVE,****6897,,N/A,2024-02-11,YES,2026-09-11,8387.78
V-2402,Dellmore Packaging,55-1015838,ACTIVE,****5261,,N/A,2024-03-12,YES,2026-09-12,6602.65
V-2518,Elstree Fasteners,55-1023757,ACTIVE,****8645,,N/A,2024-04-13,YES,2026-09-13,5187.88
V-3102,Fairholt Logistics,55-1031676,ACTIVE,****9145,,N/A,2024-05-14,YES,2026-09-14,7502.08
V-2977,Gilbey Mills,55-1039595,ACTIVE,****1550,,N/A,2024-06-15,YES,2026-09-15,7684.94
V-4108,Marlowe Fabrication,55-7741920,ACTIVE,****6120,2026-09-26,NO,2023-05-02,YES,2026-09-28,8820.00
V-3044,Ivers Supply,55-1047514,ACTIVE,****6188,,N/A,2024-07-16,YES,2026-09-16,4769.71
V-3205,Hanford Tooling,55-1055433,ACTIVE,****2611,,N/A,2024-08-17,YES,2026-09-17,4619.92
V-3400,Northgate Trading 1,55-2200000,ACTIVE,****9440,,N/A,2025-01-01,YES,2026-09-01,1257.68
V-3350,Orrin Logistics,55-6021743,ACTIVE,****7712,,N/A,2026-09-02,NO,2026-09-30,2250.00
V-3413,Northgate Trading 2,55-2204231,ACTIVE,****3999,,N/A,2025-02-02,YES,2026-09-02,3878.89
V-3426,Northgate Trading 3,55-2208462,ACTIVE,****8850,,N/A,2025-03-03,YES,2026-09-03,3778.51
V-3439,Northgate Trading 4,55-2212693,ACTIVE,****5365,,N/A,2025-04-04,YES,2026-09-04,3642.08
V-3011,Brightwell Metals,55-0192384,ACTIVE,****2288,,N/A,2022-03-14,YES,2026-09-08,4820.00
V-3207,Brightwell Metals Ltd,55-0192384,ACTIVE,****9031,,N/A,2026-08-30,YES,2026-09-21,4820.00
V-3452,Northgate Trading 5,55-2216924,ACTIVE,****7064,,N/A,2025-05-05,YES,2026-09-05,657.65
V-3465,Northgate Trading 6,55-2221155,ACTIVE,****7738,,N/A,2025-06-06,YES,2026-09-06,841.53
V-3478,Northgate Trading 7,55-2225386,ACTIVE,****1229,,N/A,2025-07-07,YES,2026-09-07,641.02
V-2890,Penhallow Cleaning,55-4410387,INACTIVE,****5510,,N/A,2021-11-09,YES,2026-09-18,3775.00
V-3491,Northgate Trading 8,55-2229617,ACTIVE,****8392,,N/A,2025-08-08,YES,2026-09-08,2448.37
V-3504,Northgate Trading 9,55-2233848,ACTIVE,****2360,,N/A,2025-09-09,YES,2026-09-09,2557.49
V-3517,Northgate Trading 10,55-2238079,ACTIVE,****4257,,N/A,2025-01-01,YES,2026-09-10,1217.00
