time,agent,message
14:32:10,Skeptic,26 findings reviewed; 1 downgraded (F-03 High to Medium)
14:31:42,Expenses,5 findings from expenses.csv; all quotes matched
14:30:58,Contracts,5 findings from contracts.txt; all quotes matched
14:30:07,Vendors,4 findings from vendors.csv; all quotes matched
14:29:15,Approvals,6 findings from approvals.csv; all quotes matched
14:28:21,Payments,6 findings from payments.csv; all quotes matched
14:27:03,Orchestrator,"Read 5 source files, 48 invoices and 48 payments"
14:26:50,Inbox watcher,New folder detected: inbox/2026-09
14:20:11,Payment gate,"Payment run 2026-10-01 checked: 8 HOLD, 6 RELEASE"
09:57:45,Skeptic,2026-07 audit finished with 0 findings (clean)
09:50:02,Orchestrator,Started 2026-07 audit
