id,severity,area,clause,amount,title,skeptic_verdict,evidence,related_evidence,source_file,line_number,innocent_explanations,skeptic_reason,proposed_fix
F-01,High,Vendors,4.3,8820.00,V-4108 paid to an unverified new bank account,Confirmed,"V-4108,Marlowe Fabrication,55-7741920,ACTIVE,****6120,2026-09-26,NO,2023-05-02,YES,2026-09-28,8820.00",,vendors.csv,8,Supplier may have notified Treasury by phone and the check was done outside the system.,The bank_verified flag is NO and no verification record exists between 2026-09-26 and the 2026-09-28 payment.,Hold future payments to V-4108 until Treasury records a call-back verification; ask the bank to recall the 2026-09-28 payment if it fails.
F-02,Medium,Contracts,7.1,1340.00,"SRS-50946 adds a $1,340.00 surcharge the contract excludes",Confirmed,[INVOICE SRS-50946 | Sarnia Print Services | 2026-09-12] Line 3: Handling surcharge 1340.00,[CONTRACT C-014 | Sarnia Print Services | Clause 7.1] Surcharges of any kind are excluded from the contract price.,contracts.txt,6,A variation order may have been agreed verbally.,No signed variation exists and the clause lists surcharges as excluded.,"Dispute the $1,340.00 line and ask for a credit note."
F-03,Medium,Approvals,1.4,13965.00,"Three Rook Street Marketing invoices ($4,620 / $4,780 / $4,565) in two days, no PO, total $13,965 - possible split to avoid director approval",Downgraded (High to Medium),"A-0272,INVOICE,RSM-1203,2026-09-17,Rook Street Marketing,4565.00,H. Vance,K. Lowe,Manager,","A-0270,INVOICE,RSM-1201,2026-09-16,Rook Street Marketing,4620.00,H. Vance,K. Lowe,Manager, || A-0271,INVOICE,RSM-1202,2026-09-17,Rook Street Marketing,4780.00,H. Vance,K. Lowe,Manager,",approvals.csv,9,Three separate campaign jobs could each be billed on completion.,"Same requester, same approver and same supplier within two days; each is just under the $5,000 line but there is a plausible campaign explanation, so severity is lowered.","Ask the requester for the job briefs; if one job, re-approve at director level."
F-04,Low,Expenses,6.1,156.00,Meal at $156.00 per person (limit $75.00),Confirmed,"E-1042,2026-09-10,A. Patel,MEAL,156.00,RC-80412,Client dinner,1",,expenses.csv,7,The meal may have been a client event for several people.,The claim lists one person and no extra attendees.,Pay $75.00 and ask for the excess to be repaid or justified.
F-05,High,Payments,5.2,6150.00,CLW-50837 paid twice on the same day,Confirmed,"P-5102,2026-09-22,2026-09-18,V-2650,Calloway Wire Ltd,CLW-50837,6150.00,6150.00,4471,R. Singh","P-5101,2026-09-22,2026-09-18,V-2650,Calloway Wire Ltd,CLW-50837,6150.00,6150.00,4471,R. Singh",payments.csv,6,A payment may have been re-sent after a bank rejection.,No rejection or reversal exists for P-5101; both payments cleared the same day.,Recover P-5102 or apply it as a credit against the next Calloway invoice.
F-06,Medium,Payments,5.1,72.00,"ASH-7090 paid $12,480.00 against an invoice of $12,408.00",Confirmed,"P-5110,2026-09-08,2026-09-02,V-2201,Ashby Components,ASH-7090,12408.00,12480.00,5532,L. Marsh",,payments.csv,12,Rounding or foreign exchange could explain a small gap.,"The invoice is in dollars and the digits are transposed (12408 vs 12480), so it is a keying error.",Recover the $72.00 overpayment.
F-07,Low,Payments,5.3,3210.50,COR-7188 paid two days before the invoice date,Confirmed,"P-5120,2026-09-03,2026-09-05,V-2315,Corwin Plastics,COR-7188,3210.50,3210.50,2290,K. Lowe",,payments.csv,19,A deposit may have been agreed in advance.,No purchase order or deposit term supports payment before the invoice.,Confirm the payment terms with Corwin and note the exception.
F-08,High,Payments,5.2,6480.00,Invoice DEL-7255 paid twice under different letter case,Confirmed,"P-5126,2026-09-16,2026-09-09,V-2402,Dellmore Packaging,del-7255,6480.00,6480.00,8812,J. Ames","P-5125,2026-09-14,2026-09-09,V-2402,Dellmore Packaging,DEL-7255,6480.00,6480.00,8812,D. Reyes",payments.csv,27,Two genuine invoices could share a number.,"Same supplier, same amount and the same invoice date; only the letter case differs.","Recover the second payment of $6,480.00."
F-09,Medium,Payments,5.3,4900.00,Payment to Ivers Supply has no invoice reference,Confirmed,"P-5130,2026-09-24,,V-3044,Ivers Supply,,4900.00,4900.00,3308,S. Duarte",,payments.csv,33,The reference may have been left off a prepayment.,The invoice number and invoice date are both blank and no prepayment is on record.,Ask Ivers to match the payment to an invoice.
F-10,Low,Payments,5.4,2115.00,Payment released on a Sunday,Confirmed,"P-5135,2026-09-13,2026-09-08,V-3205,Hanford Tooling,HAN-7640,2115.00,2115.00,6140,R. Singh",,payments.csv,36,A scheduled batch may have run automatically.,2026-09-13 is a Sunday and the policy only allows release on working days.,Review who released the batch and why.
F-11,High,Approvals,1.2,11200.00,PO-2209 raised and approved by the same person,Confirmed,"A-0301,PO,PO-2209,2026-09-11,Whitlock Engineering,11200.00,M. Okafor,M. Okafor,Manager,PO-2209",,approvals.csv,15,A small team may have no one else available.,"Requester and approver are the same user and the amount is over $10,000.",Send the PO to a director for independent approval.
F-12,Medium,Approvals,1.1,6750.00,"Invoice STR-3304 for $6,750.00 has no PO",Confirmed,"A-0310,INVOICE,STR-3304,2026-09-15,Stratton Print,6750.00,D. Reyes,K. Lowe,Manager,",,approvals.csv,19,The PO may exist but not be linked.,No PO number is recorded and no matching PO exists for Stratton Print in September.,Raise a retrospective PO and note the breach.
F-13,Medium,Approvals,1.3,23400.00,"Invoice of $23,400.00 approved by a manager, not a director",Confirmed,"A-0315,INVOICE,KDM-4410,2026-09-18,Kingsdale Machinery,23400.00,A. Patel,P. Nandi,Manager,PO-2207",,approvals.csv,23,The director may have approved by email.,"The system shows a Manager as sole approver for an amount over $10,000.",Obtain a director approval and attach it.
F-14,Medium,Approvals,1.1,1980.00,PO-2231 raised 17 days after invoice BRK-9022,Confirmed,"A-0322,PO,PO-2231,2026-09-19,Brockley Stationers,1980.00,C. Yoon,L. Marsh,Manager,PO-2231","A-0321,INVOICE,BRK-9022,2026-09-02,Brockley Stationers,1980.00,C. Yoon,L. Marsh,Manager,PO-2231",approvals.csv,28,The goods may have been ordered under a framework agreement.,No framework agreement exists for Brockley and the PO date is after the invoice date.,Remind the requester that POs come before orders.
F-15,Medium,Approvals,1.5,2740.00,Invoice approved by T. Hale after leaving the company,Confirmed,"A-0330,INVOICE,LRN-3302,2026-09-09,Larne Office Supply,2740.00,H. Vance,T. Hale,Manager,PO-2218",,approvals.csv,32,A delegate may have used the account.,"T. Hale's account was closed on 2026-08-31, so the approval date should be impossible.",Re-approve under a current approver and investigate the account use.
F-16,High,Vendors,4.2,9640.00,Vendor records V-3011 and V-3207 share tax ID 55-0192384 and were both paid,Confirmed,"V-3207,Brightwell Metals Ltd,55-0192384,ACTIVE,****9031,,N/A,2026-08-30,YES,2026-09-21,4820.00","V-3011,Brightwell Metals,55-0192384,ACTIVE,****2288,,N/A,2022-03-14,YES,2026-09-08,4820.00",vendors.csv,17,A genuine rename or merger of the same supplier where the old record was never closed.,"Both records are ACTIVE with different bank accounts and each received a payment of 4,820.00 in September.","Merge the two records, close V-3207 and confirm with the supplier which bank account is correct."
F-17,Medium,Vendors,4.1,3775.00,"Inactive vendor V-2890 was paid $3,775.00 on 2026-09-18",Confirmed,"V-2890,Penhallow Cleaning,55-4410387,INACTIVE,****5510,,N/A,2021-11-09,YES,2026-09-18,3775.00",,vendors.csv,21,The vendor may have been reactivated briefly to settle an old invoice.,No reactivation entry exists; the record is still INACTIVE on the date of the payment.,"Confirm the invoice was valid, then reactivate or archive the vendor with an approval note."
F-18,Low,Vendors,4.4,2250.00,"V-3350 paid $2,250.00 with no tax form on file",Confirmed,"V-3350,Orrin Logistics,55-6021743,ACTIVE,****7712,,N/A,2026-09-02,NO,2026-09-30,2250.00",,vendors.csv,12,The form may be held by Procurement on paper.,w9_on_file is NO and the vendor was created 28 days before the first payment.,Request the tax form from the supplier before the next payment.
F-19,High,Contracts,7.2,2860.00,Hanford Tooling billed $118 per hour against a contracted $92,Confirmed,[INVOICE HAN-7650 | Hanford Tooling | 2026-09-16] Line 1: Machinist 110 hours at 118.00 per hour = 12980.00,[CONTRACT C-022 | Hanford Tooling | Rate card] Machinist rate is 92.00 per hour.,contracts.txt,12,Overtime rates might apply to part of the hours.,The invoice shows one flat rate for all 110 hours and the rate card has no overtime tier.,"Claim the $2,860.00 difference (110 hours x $26.00)."
F-20,Medium,Contracts,7.3,1450.00,Pellam Cleaning billed for service after the contract ended,Confirmed,[INVOICE PEL-2209 | Pellam Cleaning | 2026-09-12] Service period 2026-09-01 to 2026-09-12 1450.00,[CONTRACT C-031 | Pellam Cleaning | Term] This contract ends on 2026-08-31.,contracts.txt,17,A renewal may be signed but not yet filed.,No renewal is on file and the service period starts the day after the term ends.,Hold payment until a renewal is produced or the contract is extended in writing.
F-21,Low,Contracts,7.4,4800.00,Veridian Software auto-renewed after the cancellation window closed,Confirmed,[INVOICE VER-8801 | Veridian Software | 2026-10-01] Annual renewal 4800.00 - no notice of cancellation on file,[CONTRACT C-040 | Veridian Software | Renewal] Auto-renews on 2026-09-30 unless cancelled 30 days before.,contracts.txt,22,The tool may still be needed.,No cancellation notice was sent before the 30-day deadline.,Ask the supplier for a goodwill cancellation; diarise notice dates for all auto-renewing contracts.
F-22,Medium,Contracts,7.1,1112.40,Fairholt Logistics added an 8 percent fuel surcharge the contract does not list,Confirmed,[INVOICE FAI-7420 | Fairholt Logistics | 2026-09-14] Line 2: Fuel surcharge 8 percent 1112.40,[CONTRACT C-018 | Fairholt Logistics | Clause 7.1] Charges not listed in the price schedule may not be billed.,contracts.txt,20,Fuel surcharges are common in logistics.,The price schedule has no fuel line and clause 7.1 bars unlisted charges.,Dispute the surcharge and request a credit note.
F-23,Medium,Expenses,6.2,412.00,Hotel claim of $412.00 has no receipt,Confirmed,"E-1050,2026-09-15,S. Duarte,TRAVEL,412.00,,Hotel two nights,",,expenses.csv,12,The receipt may be on a card statement.,No receipt reference is recorded and the amount is over $25.,Request the hotel folio.
F-24,Low,Expenses,6.3,89.00,Gym membership claimed as an expense,Confirmed,"E-1055,2026-09-17,R. Chen,SUPPLIES,89.00,RC-80440,Monthly gym membership,",,expenses.csv,18,It might be part of a wellness allowance.,No wellness allowance is in the policy and the item is personal.,Reject the claim.
F-25,High,Expenses,6.5,64.00,The same taxi receipt TX-88213 was claimed by two employees,Confirmed,"E-1081,2026-09-22,S. Duarte,TAXI,64.00,TX-88213,Airport taxi,","E-1077,2026-09-21,R. Chen,TAXI,64.00,TX-88213,Airport taxi,",expenses.csv,24,Two people may have shared the taxi and each claimed their half incorrectly.,Both claims show the full amount and the same receipt number.,Pay one claim only and ask both employees to explain.
F-26,Low,Expenses,6.4,38.50,Weekend expense with no reason given,Confirmed,"E-1090,2026-09-20,M. Okafor,SUPPLIES,38.50,RC-80455,,",,expenses.csv,29,A weekend project could explain it.,2026-09-20 is a Sunday and the notes field is blank.,Ask for a business reason.
