line,supplier,invoice,amount,decision,reason,failed_checks,c1,c2,c3,c4,c5,c6,c7,c8
1,Ashby Components,ASH-7101,18640.00,RELEASE,All 8 checks passed,-,1,1,1,1,1,1,1,1
2,Ashby Components,ASH-7102,18640.00,RELEASE,"Same amount as line 1, different invoice",-,1,1,1,1,1,1,1,1
3,Corwin Plastics,COR-7201,9377.25,RELEASE,All 8 checks passed,-,1,1,1,1,1,1,1,1
4,Dellmore Packaging,DEL-7301,6212.80,RELEASE,"Bank changed 2026-09-24, verified by Treasury",-,1,1,1,1,1,1,1,1
5,Elstree Fasteners,ELS-7401,5108.00,HOLD,"Amount is more than the open invoice ($4,688.00)",6,1,1,1,1,1,0,1,1
6,Fairholt Logistics,FAI-7501,13905.00,HOLD,"Bank account changed 2026-09-27, no verification",7,1,1,1,1,1,1,0,1
7,Corwin Plastics,COR-7201,9377.25,HOLD,Same invoice already on line 3,5,1,1,1,1,0,1,1,1
8,Ashby Components,ASH-7088,17920.40,HOLD,Already paid on 2026-09-29,4,1,1,1,0,1,1,1,1
9,Gilbey Mills,GIL-7601,2486.00,HOLD,Vendor inactive; invoice not open and approved,"1,2",0,0,1,1,1,1,1,1
10,Ivers Supply,IVS-7801,3972.15,HOLD,Invoice still pending approval,2,1,0,1,1,1,1,1,1
11,Ivers Supply,ELS-7402,4055.60,HOLD,"Invoice belongs to Elstree Fasteners, not Ivers",3,1,1,0,1,1,1,1,1
12,Hanford Tooling,HAN-7701,7340.90,HOLD,Bank account differs from vendor master,8,1,1,1,1,1,1,1,0
13,Ivers Supply,IVS-7802,1500.00,RELEASE,"Part payment of a $3,180.00 invoice",-,1,1,1,1,1,1,1,1
14,Dellmore Packaging,DEL-7302,2870.40,RELEASE,All 8 checks passed,-,1,1,1,1,1,1,1,1
