tool,licences,active_90d,annual_cost,proposed_action,saving
Quillmark PDF,60,22,10800,Reduce to 30,5400
Framewright Design,40,9,7200,Reduce to 15,4500
Pinwall Canvas,35,6,4200,Reduce to 10,3000
Dashwell Viewer,25,0,7500,Cancel,7500
Rowplan Sheets,8,0,2400,Cancel,2400
Hallway Chat Plus,120,111,11520,Keep,0
Meetspace Rooms,70,58,11200,Keep,0
Deskwork Suite,150,142,39600,Keep,0
Ledgerline CRM,35,33,29400,Keep,0
Inkstamp Sign,15,12,4500,Keep,0
Keyhold Vault,100,96,6000,Keep,0
Notewell Wiki,50,41,4800,Keep,0
Taskferry,40,34,5200,Keep,0
Ticketloom,45,40,4050,Keep,0
Lucidchart,118,81,14396,Reduce to 93,3050
