difficulty,seed,engine,model,planted,proposed,found,false_alarms,recall,precision,traps,traps_flagged,precision_confirmed,real_doubted,seconds
easy,1,rules,,9,11,9,0,1.0,1.0,26,0,,,0.0
easy,2,rules,,9,11,9,0,1.0,1.0,26,0,,,0.0
easy,3,rules,,9,9,9,0,1.0,1.0,26,0,,,0.0
easy,4,rules,,9,9,9,0,1.0,1.0,26,0,,,0.0
easy,5,rules,,9,9,9,0,1.0,1.0,26,0,,,0.0
easy,6,rules,,9,11,9,0,1.0,1.0,26,0,,,0.0
easy,7,rules,,9,11,9,0,1.0,1.0,26,0,,,0.0
easy,8,rules,,9,9,9,0,1.0,1.0,26,0,,,0.0
easy,9,rules,,9,11,9,0,1.0,1.0,26,0,,,0.0
easy,10,rules,,9,11,9,0,1.0,1.0,26,0,,,0.0
easy,11,rules,,9,9,9,0,1.0,1.0,26,0,,,0.0
easy,12,rules,,9,9,9,0,1.0,1.0,26,0,,,0.0
easy,13,rules,,9,9,9,0,1.0,1.0,26,0,,,0.0
easy,14,rules,,9,9,9,0,1.0,1.0,26,0,,,0.0
easy,15,rules,,9,9,9,0,1.0,1.0,26,0,,,0.0
easy,16,rules,,9,11,9,0,1.0,1.0,26,0,,,0.0
easy,17,rules,,9,9,9,0,1.0,1.0,26,0,,,0.0
easy,18,rules,,9,9,9,0,1.0,1.0,26,0,,,0.0
easy,19,rules,,9,9,9,0,1.0,1.0,26,0,,,0.0
easy,20,rules,,9,9,9,0,1.0,1.0,26,0,,,0.0
medium,1,rules,,16,18,16,0,1.0,1.0,26,0,,,0.0
medium,2,rules,,16,18,16,0,1.0,1.0,26,0,,,0.0
medium,3,rules,,16,16,16,0,1.0,1.0,26,0,,,0.0
medium,4,rules,,16,16,16,0,1.0,1.0,26,0,,,0.0
medium,5,rules,,16,16,16,0,1.0,1.0,26,0,,,0.0
medium,6,rules,,16,18,16,0,1.0,1.0,26,0,,,0.0
medium,7,rules,,16,18,16,0,1.0,1.0,26,0,,,0.0
medium,8,rules,,16,16,16,0,1.0,1.0,26,0,,,0.0
medium,9,rules,,15,17,15,0,1.0,1.0,26,0,,,0.0
medium,10,rules,,16,18,16,0,1.0,1.0,26,0,,,0.0
medium,11,rules,,16,18,16,0,1.0,1.0,26,0,,,0.0
medium,12,rules,,16,16,16,0,1.0,1.0,26,0,,,0.0
medium,13,rules,,16,16,16,0,1.0,1.0,26,0,,,0.0
medium,14,rules,,16,16,16,0,1.0,1.0,26,0,,,0.0
medium,15,rules,,16,16,16,0,1.0,1.0,26,0,,,0.0
medium,16,rules,,16,18,16,0,1.0,1.0,26,0,,,0.0
medium,17,rules,,16,16,16,0,1.0,1.0,26,0,,,0.0
medium,18,rules,,16,16,16,0,1.0,1.0,26,0,,,0.0
medium,19,rules,,16,18,16,0,1.0,1.0,26,0,,,0.0
medium,20,rules,,16,18,16,0,1.0,1.0,26,0,,,0.0
hard,1,rules,,32,33,31,0,0.9688,1.0,26,0,,,0.0
hard,2,rules,,32,33,31,0,0.9688,1.0,26,0,,,0.0
hard,3,rules,,32,33,31,0,0.9688,1.0,26,0,,,0.0
hard,4,rules,,32,33,31,0,0.9688,1.0,26,0,,,0.0
hard,5,rules,,32,33,31,0,0.9688,1.0,26,0,,,0.0
hard,6,rules,,32,33,31,0,0.9688,1.0,26,0,,,0.0
hard,7,rules,,32,33,31,0,0.9688,1.0,26,0,,,0.0
hard,8,rules,,32,33,31,0,0.9688,1.0,26,0,,,0.0
hard,9,rules,,32,33,31,0,0.9688,1.0,26,0,,,0.0
hard,10,rules,,32,33,31,0,0.9688,1.0,26,0,,,0.0
hard,11,rules,,32,33,31,0,0.9688,1.0,26,0,,,0.0
hard,12,rules,,32,33,31,0,0.9688,1.0,26,0,,,0.0
hard,13,rules,,32,33,31,0,0.9688,1.0,26,0,,,0.0
hard,14,rules,,32,33,31,0,0.9688,1.0,26,0,,,0.0
hard,15,rules,,32,33,31,0,0.9688,1.0,26,0,,,0.0
hard,16,rules,,32,33,31,0,0.9688,1.0,26,0,,,0.0
hard,17,rules,,32,33,31,0,0.9688,1.0,26,0,,,0.0
hard,18,rules,,32,33,31,0,0.9688,1.0,26,0,,,0.0
hard,19,rules,,32,33,31,0,0.9688,1.0,26,0,,,0.0
hard,20,rules,,32,33,31,0,0.9688,1.0,26,0,,,0.0
